outlet,date_text,daypart,revenue_raw,tickets,items,staff_on_shift,manager,manager_email,notes
RAFFLES PLACE,01/06/2025,evening,S$78.38,9.0,13.0,1.0,  Aisha Rahman ,aisha.rahman@dailygrind.sg,
Raffles Place,01/06/2025,Midday,205.21,20.0,30.0,2.0,  Aisha Rahman ,aisha.rahman@dailygrind.sg,
raffles place,01/06/2025,AM, 324.52 ,50.0,71.0,3.0,  Aisha Rahman ,aisha.rahman@dailygrind.sg,N.A.
Tampines  Mall,01/06/2025,PM,615.79,61.0,90.0,4.0,wei ming tan,weiming.tan@dailygrind.sg,
Tampines  Mall,01/06/2025,Midday,932.35,82.0,119.0,5.0,wei ming tan,weiming.tan@dailygrind.sg,
tampines mall,01/06/2025,morning,557.16,80.0,112.0,5.0,wei ming tan,weiming.tan@dailygrind.sg,
Marina Bay,01/06/2025,Evening,S$67.72,7.0,10.0,1.0,Priya  Nair,priya.nair@dailygrind.sg,
Marina Bay,01/06/2025,midday,S$207.79,19.0,27.0,2.0,Priya  Nair,priya.nair@dailygrind.sg,
Marina Bay,01/06/2025,AM,S$280.20,40.0,59.0,,Priya  Nair,priya.nair@dailygrind.sg,
Holland V,01/06/2025,PM,S$613.92,69.0,96.0,4.0,DANIEL LIM ,daniel.lim@dailygrind.com.sg,
Holland Village,01/06/2025,midday,608.41,57.0,82.0,4.0,DANIEL LIM ,daniel.lim@dailygrind.com.sg,
Holland V,01/06/2025,Morning,478.60,75.0,106.0,4.0,DANIEL LIM ,daniel.lim@dailygrind.com.sg,
Raffles Pl.,02/06/2025,Evening, 249.85 ,,36.0,2.0,  Aisha Rahman ,aisha.rahman@dailygrind.sg,
raffles place,02/06/2025,Midday,728.37,75.0,109.0,4.0,  Aisha Rahman ,aisha.rahman@dailygrind.sg,
raffles place,02/06/2025,Morning,"S$1,063.87",158.0,235.0,6.0,  Aisha Rahman ,aisha.rahman@dailygrind.sg,N.A.
Tampines Mall,02/06/2025,PM,399.67,44.0,67.0,3.0,wei ming tan,weiming.tan@dailygrind.sg,
Tampines Mall,02/06/2025,Lunch, 565.04 ,54.0,76.0,3.0,wei ming tan,weiming.tan@dailygrind.sg,-
tampines mall,02/06/2025,morning,275.54,42.0,62.0,3.0,wei ming tan,weiming.tan@dailygrind.sg,
marina bay,02/06/2025,Evening, 173.74 ,18.0,28.0,2.0,Priya  Nair,priya.nair@dailygrind.sg,
Marina Bay ,02/06/2025,midday,S$394.68,36.0,55.0,3.0,Priya  Nair,,N.A.
marina bay,02/06/2025,AM,615.53,96.0,141.0,5.0,Priya  Nair,priya.nair@dailygrind.sg,
Holland V,02/06/2025,evening,S$434.69,48.0,70.0,3.0,DANIEL LIM ,daniel.lim@dailygrind.com.sg,N.A.
Holland V,02/06/2025,midday,424.62,41.0,59.0,3.0,DANIEL LIM ,daniel.lim@dailygrind.com.sg,
Holland Village,02/06/2025,morning,S$357.44,59.0,92.0,4.0,DANIEL LIM ,daniel.lim@dailygrind.com.sg,N.A.
RAFFLES PLACE,03/06/2025,evening,273.43,30.0,43.0,2.0,  Aisha Rahman ,aisha.rahman@dailygrind.sg,
raffles place,03/06/2025,midday,765.85,77.0,120.0,5.0,  Aisha Rahman ,aisha.rahman@dailygrind.sg,
RAFFLES PLACE,03/06/2025,Morning," 1,215.72 ",173.0,254.0,6.0,  Aisha Rahman ,aisha.rahman@dailygrind.sg,
Tampines  Mall,03/06/2025,Evening,398.65,43.0,61.0,3.0,wei ming tan,weiming.tan@dailygrind.sg,-
tampines mall,03/06/2025,Midday,597.53,58.0,80.0,4.0,wei ming tan,weiming.tan@dailygrind.sg,
tampines mall,03/06/2025,Morning, 321.89 ,50.0,67.0,3.0,wei ming tan,weiming.tan@dailygrind.sg,
Marina Bay ,03/06/2025,evening,S$193.08,22.0,31.0,2.0,Priya  Nair,priya.nair@dailygrind.sg,
Marina Bay ,03/06/2025,Lunch, 497.17 ,49.0,77.0,3.0,Priya  Nair,priya.nair@dailygrind.sg,
marina bay,03/06/2025,Morning, 698.28 ,101.0,151.0,6.0,Priya  Nair,priya.nair@dailygrind.sg,n/a
Holland Village,03/06/2025,Evening,373.33,39.0,57.0,3.0,DANIEL LIM ,daniel.lim@dailygrind.com.sg,
Holland V,03/06/2025,Midday,S$304.36,31.0,46.0,2.0,DANIEL LIM ,daniel.lim@dailygrind.com.sg,
Holland Village,03/06/2025,AM,310.23,50.0,69.0,3.0,DANIEL LIM ,daniel.lim@dailygrind.com.sg,n/a
Marina Bay ,03/06/2025,evening,S$193.08,22.0,31.0,2.0,Priya  Nair,priya.nair@dailygrind.sg,
Marina Bay ,03/06/2025,Lunch, 497.17 ,49.0,77.0,3.0,Priya  Nair,priya.nair@dailygrind.sg,
marina bay,03/06/2025,Morning, 698.28 ,101.0,151.0,6.0,Priya  Nair,priya.nair@dailygrind.sg,n/a
raffles place,04/06/2025,Evening,252.88,26.0,37.0,2.0,  Aisha Rahman ,aisha.rahman@dailygrind.sg,-
Raffles Pl.,04/06/2025,Midday,-999,76.0,113.0,4.0,  Aisha Rahman ,aisha.rahman@dailygrind.sg,
RAFFLES PLACE,04/06/2025,Morning,1182.49,175.0,248.0,6.0,  Aisha Rahman ,aisha.rahman@dailygrind.sg,
Tampines  Mall,04/06/2025,Evening,S$405.12,47.0,67.0,3.0,wei ming tan,weiming.tan@dailygrind.sg,
Tampines Mall,04/06/2025,Lunch, 631.38 ,64.0,93.0,4.0,wei ming tan,weiming.tan@dailygrind.sg,
Tampines  Mall,04/06/2025,AM, 355.83 ,55.0,82.0,3.0,wei ming tan,weiming.tan@dailygrind.sg,
Marina Bay ,04/06/2025,Evening,S$175.00,20.0,30.0,2.0,Priya  Nair,priya.nair@dailygrind.sg,
Marina Bay,04/06/2025,Lunch,S$437.74,42.0,62.0,3.0,Priya  Nair,priya.nair@dailygrind.sg,N.A.
marina bay,04/06/2025,Morning,585.09,90.0,135.0,5.0,Priya  Nair,priya.nair@dailygrind.sg,
Holland Village,04/06/2025,PM, 582.21 ,65.0,,4.0,DANIEL LIM ,daniel.lim@dailygrind.com.sg,
Holland Village,04/06/2025,Midday,465.09,44.0,64.0,3.0,DANIEL LIM ,daniel.lim@dailygrind.com.sg,
Holland Village,04/06/2025,Morning,482.78,76.0,110.0,4.0,DANIEL LIM ,daniel.lim@dailygrind.com.sg,
Raffles Pl.,05/06/2025,PM,274.71,29.0,41.0,2.0,  Aisha Rahman ,aisha.rahman@dailygrind.sg,
Raffles Pl.,05/06/2025,midday, 824.33 ,77.0,104.0,5.0,  Aisha Rahman ,aisha.rahman@dailygrind.sg,
RAFFLES PLACE,05/06/2025,AM,1191.11,171.0,259.0,6.0,  Aisha Rahman ,aisha.rahman@dailygrind.sg,
Tampines Mall,05/06/2025,PM, 390.04 ,42.0,62.0,3.0,wei ming tan,weiming.tan@dailygrind.sg,
Tampines  Mall,05/06/2025,Lunch,S$654.20,63.0,100.0,4.0,wei ming tan,weiming.tan@dailygrind.sg,
tampines mall,05/06/2025,AM,S$356.55,55.0,85.0,3.0,wei ming tan,weiming.tan@dailygrind.sg,
Marina Bay ,05/06/2025,Evening,S$204.09,20.0,30.0,2.0,Priya  Nair,priya.nair@dailygrind.sg,
Marina Bay,05/06/2025,Midday, 525.48 ,48.0,70.0,3.0,Priya  Nair,priya.nair@dailygrind.sg,
Marina Bay ,05/06/2025,Morning,S$588.96,83.0,122.0,5.0,Priya  Nair,priya.nair@dailygrind.sg,
Holland V,05/06/2025,evening,S$528.62,59.0,87.0,4.0,DANIEL LIM ,daniel.lim@dailygrind.com.sg,
Holland Village,05/06/2025,Midday,510.46,51.0,70.0,3.0,DANIEL LIM ,daniel.lim@dailygrind.com.sg,
Holland V,05/06/2025,morning,S$407.81,67.0,100.0,4.0,DANIEL LIM ,daniel.lim@dailygrind.com.sg,
Raffles Place,06/06/2025,evening,S$232.25,25.0,37.0,2.0,  Aisha Rahman ,aisha.rahman@dailygrind.sg,
Raffles Pl.,06/06/2025,Midday, 741.77 ,66.0,101.0,4.0,  Aisha Rahman ,aisha.rahman@dailygrind.sg,
Raffles Place,06/06/2025,Morning,941.37,141.0,215.0,6.0,  Aisha Rahman ,aisha.rahman@dailygrind.sg,
Tampines  Mall,06/06/2025,PM,454.15,48.0,65.0,3.0,wei ming tan,weiming.tan@dailygrind.sg,
tampines mall,06/06/2025,Lunch,,64.0,84.0,4.0,wei ming tan,weiming.tan@dailygrind.sg,-
Tampines Mall,06/06/2025,AM,373.79,54.0,78.0,3.0,wei ming tan,weiming.tan@dailygrind.sg,
Marina Bay ,06/06/2025,evening,S$165.71,17.0,26.0,2.0,Priya  Nair,priya.nair@dailygrind.sg,
Marina Bay,06/06/2025,Lunch, 507.58 ,48.0,67.0,3.0,Priya  Nair,priya.nair@dailygrind.sg,N.A.
marina bay,06/06/2025,morning, 582.33 ,87.0,125.0,5.0,Priya  Nair,priya.nair@dailygrind.sg,
Holland V,06/06/2025,Evening,638.06,65.0,89.0,4.0,DANIEL LIM ,daniel.lim@dailygrind.com.sg,
Holland V,06/06/2025,midday, 562.80 ,52.0,74.0,3.0,DANIEL LIM ,daniel.lim@dailygrind.com.sg,n/a
Holland V,06/06/2025,AM,S$547.73,0.0,111.0,5.0,DANIEL LIM ,daniel.lim@dailygrind.com.sg,
Raffles Pl.,07/06/2025,Evening,68.66,8.0,12.0,1.0,  Aisha Rahman ,aisha.rahman@dailygrind.sg,
RAFFLES PLACE,07/06/2025,midday,S$201.39,18.0,25.0,2.0,  Aisha Rahman ,aisha.rahman@dailygrind.sg,n/a
RAFFLES PLACE,07/06/2025,Morning, 291.96 ,41.0,54.0,3.0,  Aisha Rahman ,aisha.rahman@dailygrind.sg,
Tampines  Mall,07/06/2025,evening,S$474.37,48.0,68.0,3.0,wei ming tan,weiming.tan@dailygrind.sg,
Tampines  Mall,07/06/2025,midday, 616.95 ,61.0,91.0,4.0,wei ming tan,weiming.tan@dailygrind.sg,-
Tampines  Mall,07/06/2025,AM,462.48,68.0,106.0,4.0,wei ming tan,weiming.tan@dailygrind.sg,
Marina Bay,07/06/2025,PM,S$67.25,7.0,10.0,1.0,Priya  Nair,priya.nair@dailygrind.sg,
marina bay,07/06/2025,midday,201.53,18.0,25.0,2.0,Priya  Nair,priya.nair@dailygrind.sg,
Marina Bay ,07/06/2025,Morning,S$269.05,41.0,59.0,3.0,Priya  Nair,priya.nair@dailygrind.sg,
Holland V,07/06/2025,evening, 501.90 ,54.0,78.0,3.0,DANIEL LIM ,daniel.lim@dailygrind.com.sg,
Holland Village,07/06/2025,Lunch,S$445.45,45.0,63.0,3.0,DANIEL LIM ,daniel.lim@dailygrind.com.sg,
Holland V,07/06/2025,Morning, 409.37 ,59.0,82.0,4.0,DANIEL LIM ,daniel.lim@dailygrind.com.sg,
Raffles Pl.,08/06/2025,PM, 67.15 ,8.0,12.0,1.0,  Aisha Rahman ,aisha.rahman@dailygrind.sg,
Raffles Place,08/06/2025,Midday, 171.18 ,16.0,24.0,2.0,  Aisha Rahman ,aisha.rahman@dailygrind.sg,
Raffles Pl.,08/06/2025,AM,326.81,53.0,76.0,3.0,  Aisha Rahman ,aisha.rahman@dailygrind.sg,
Tampines Mall,08/06/2025,PM, 556.13 ,61.0,90.0,4.0,wei ming tan,weiming.tan@dailygrind.sg,
tampines mall,08/06/2025,Midday,810.44,78.0,116.0,5.0,wei ming tan,weiming.tan@dailygrind.sg,
tampines mall,08/06/2025,AM,477.77,73.0,111.0,4.0,wei ming tan,weiming.tan@dailygrind.sg,
Marina Bay,08/06/2025,PM,S$64.99,7.0,10.0,1.0,Priya  Nair,priya.nair@dailygrind.sg,
marina bay,08/06/2025,Midday,177.34,16.0,23.0,2.0,Priya  Nair,priya.nair@dailygrind.sg,
marina bay,08/06/2025,AM, 214.66 ,34.0,49.0,3.0,Priya  Nair,priya.nair@dailygrind.sg,
Holland V,08/06/2025,PM,S$544.23,60.0,83.0,4.0,DANIEL LIM ,daniel.lim@dailygrind.com.sg,-
Holland V,08/06/2025,Midday, 498.40 ,41.0,57.0,3.0,DANIEL LIM ,daniel.lim@dailygrind.com.sg,new machine installed
Holland Village,08/06/2025,AM, 422.72 ,62.0,95.0,4.0,DANIEL LIM ,daniel.lim@dailygrind.com.sg,
Raffles Place,09/06/2025,Evening, 278.90 ,30.0,42.0,,  Aisha Rahman ,aisha.rahman@dailygrind.sg,
Raffles Pl.,09/06/2025,Midday,S$890.32,90.0,128.0,5.0,  Aisha Rahman ,aisha.rahman@dailygrind.sg,
raffles place,09/06/2025,morning,"S$1,162.51",161.0,233.0,6.0,  Aisha Rahman ,aisha.rahman@dailygrind.sg,
Tampines Mall,09/06/2025,Evening,393.97,44.0,69.0,3.0,wei ming tan,weiming.tan@dailygrind.sg,
tampines mall,09/06/2025,Lunch,S$572.76,56.0,73.0,4.0,wei ming tan,weiming.tan@dailygrind.sg,n/a
Tampines  Mall,09/06/2025,AM,S$314.13,46.0,68.0,3.0,wei ming tan,weiming.tan@dailygrind.sg,n/a
marina bay,09/06/2025,evening,150.34,16.0,24.0,2.0,Priya  Nair,priya.nair@dailygrind.sg,
marina bay,09/06/2025,Midday,S$452.64,43.0,63.0,3.0,Priya  Nair,priya.nair@dailygrind.sg,N.A.
Marina Bay,09/06/2025,Morning,-999,76.0,113.0,4.0,Priya  Nair,priya.nair@dailygrind.sg,
Holland V,09/06/2025,Evening, 469.85 ,51.0,74.0,3.0,DANIEL LIM ,daniel.lim@dailygrind.com.sg,
Holland V,09/06/2025,Lunch,504.82,50.0,71.0,3.0,DANIEL LIM ,daniel.lim@dailygrind.com.sg,n/a
Holland Village,09/06/2025,AM,S$450.21,71.0,99.0,4.0,DANIEL LIM ,daniel.lim@dailygrind.com.sg,
Raffles Pl.,10/06/2025,Evening, 387.58 ,45.0,66.0,3.0,  Aisha Rahman ,aisha.rahman@dailygrind.sg,
Raffles Place,10/06/2025,Midday," 1,076.37 ",102.0,134.0,6.0,  Aisha Rahman ,aisha.rahman@dailygrind.sg,
Raffles Pl.,10/06/2025,morning," 1,450.74 ",216.0,336.0,6.0,  Aisha Rahman ,aisha.rahman@dailygrind.sg,
tampines mall,10/06/2025,PM,373.22,38.0,53.0,3.0,wei ming tan,weiming.tan@dailygrind.sg,
Tampines Mall,10/06/2025,midday,S$455.27,41.0,61.0,3.0,wei ming tan,weiming.tan@dailygrind.sg,
Tampines  Mall,10/06/2025,AM,S$266.07,43.0,61.0,3.0,wei ming tan,weiming.tan@dailygrind.sg,
Marina Bay,10/06/2025,PM,S$184.90,21.0,29.0,2.0,Priya  Nair,priya.nair@dailygrind.sg,
Marina Bay ,10/06/2025,midday, 578.38 ,58.0,89.0,4.0,Priya  Nair,priya.nair@dailygrind.sg,
Marina Bay,10/06/2025,morning,724.33,113.0,147.0,6.0,Priya  Nair,priya.nair@dailygrind.sg,n/a
Holland Village,10/06/2025,evening,S$472.76,50.0,69.0,3.0,DANIEL LIM ,daniel.lim@dailygrind.com.sg,
Holland V,10/06/2025,Lunch,S$442.68,43.0,67.0,3.0,DANIEL LIM ,daniel.lim@dailygrind.com.sg,
Holland Village,10/06/2025,AM,S$343.50,53.0,73.0,3.0,DANIEL LIM ,daniel.lim@dailygrind.com.sg,
Raffles Place,11/06/2025,evening,319.92,34.0,51.0,3.0,  Aisha Rahman ,aisha.rahman@dailygrind.sg,n/a
raffles place,11/06/2025,Lunch," 1,006.71 ",87.0,126.0,5.0,  Aisha Rahman ,aisha.rahman@dailygrind.sg,
Raffles Place,11/06/2025,morning,"S$1,152.91",174.0,253.0,6.0,  Aisha Rahman ,aisha.rahman@dailygrind.sg,public holiday
tampines mall,11/06/2025,evening, 395.69 ,43.0,63.0,3.0,wei ming tan,weiming.tan@dailygrind.sg,
Tampines  Mall,11/06/2025,midday,503.07,50.0,68.0,3.0,wei ming tan,weiming.tan@dailygrind.sg,
Tampines  Mall,11/06/2025,morning, 316.34 ,44.0,61.0,3.0,wei ming tan,weiming.tan@dailygrind.sg,
marina bay,11/06/2025,evening,221.79,23.0,33.0,2.0,Priya  Nair,priya.nair@dailygrind.sg,
Marina Bay,11/06/2025,midday,635.16,60.0,82.0,4.0,Priya  Nair,priya.nair@dailygrind.sg,
Marina Bay,11/06/2025,morning,S$767.89,119.0,160.0,6.0,Priya  Nair,priya.nair@dailygrind.sg,
Holland V,11/06/2025,evening,465.34,54.0,77.0,3.0,DANIEL LIM ,daniel.lim@dailygrind.com.sg,
Holland Village,11/06/2025,midday, 472.45 ,43.0,60.0,3.0,DANIEL LIM ,daniel.lim@dailygrind.com.sg,
Holland V,11/06/2025,Morning, 377.33 ,55.0,82.0,3.0,DANIEL LIM ,daniel.lim@dailygrind.com.sg,
Raffles Pl.,12/06/2025,Evening,S$260.76,26.0,35.0,2.0,  Aisha Rahman ,aisha.rahman@dailygrind.sg,
Raffles Place,12/06/2025,Lunch,S$738.61,73.0,,4.0,  Aisha Rahman ,aisha.rahman@dailygrind.sg,
raffles place,12/06/2025,morning," 1,216.38 ",185.0,270.0,6.0,  Aisha Rahman ,aisha.rahman@dailygrind.sg,
tampines mall,12/06/2025,PM,S$388.42,42.0,60.0,3.0,wei ming tan,weiming.tan@dailygrind.sg,
Tampines  Mall,12/06/2025,Lunch,633.47,61.0,98.0,4.0,wei ming tan,weiming.tan@dailygrind.sg,
Tampines Mall,12/06/2025,morning,S$383.36,56.0,81.0,4.0,wei ming tan,weiming.tan@dailygrind.sg,
marina bay,12/06/2025,Evening, 209.43 ,23.0,31.0,2.0,Priya  Nair,priya.nair@dailygrind.sg,
Marina Bay ,12/06/2025,Midday, 604.17 ,65.0,92.0,4.0,Priya  Nair,priya.nair@dailygrind.sg,
marina bay,12/06/2025,morning,S$679.41,101.0,139.0,6.0,Priya  Nair,priya.nair@dailygrind.sg,
Holland V,12/06/2025,Evening, 451.53 ,48.0,67.0,3.0,DANIEL LIM ,daniel.lim@dailygrind.com.sg,
Holland V,12/06/2025,Lunch,486.14,43.0,67.0,3.0,DANIEL LIM ,daniel.lim@dailygrind.com.sg,n/a
Holland V,12/06/2025,morning,S$411.46,63.0,95.0,4.0,DANIEL LIM ,daniel.lim@dailygrind.com.sg,
Raffles Pl.,13/06/2025,evening,271.93,29.0,43.0,2.0,  Aisha Rahman ,aisha.rahman@dailygrind.sg,
raffles place,13/06/2025,Midday,S$836.74,78.0,115.0,5.0,  Aisha Rahman ,aisha.rahman@dailygrind.sg,
RAFFLES PLACE,13/06/2025,AM,1088.97,160.0,230.0,6.0,  Aisha Rahman ,aisha.rahman@dailygrind.sg,
Tampines Mall,13/06/2025,Evening,S$402.44,43.0,60.0,3.0,wei ming tan,weiming.tan@dailygrind.sg,
Tampines Mall,13/06/2025,Lunch,593.92,53.0,73.0,3.0,wei ming tan,weiming.tan@dailygrind.sg,-
tampines mall,13/06/2025,morning,364.67,55.0,71.0,3.0,wei ming tan,weiming.tan@dailygrind.sg,
Marina Bay,13/06/2025,Evening,S$253.70,27.0,41.0,2.0,Priya  Nair,priya.nair@dailygrind.sg,
marina bay,13/06/2025,midday,662.24,63.0,96.0,4.0,Priya  Nair,priya.nair@dailygrind.sg,
Marina Bay ,13/06/2025,morning,98000,125.0,181.0,6.0,Priya  Nair,priya.nair@dailygrind.sg,
Holland Village,13/06/2025,Evening,S$621.32,65.0,92.0,4.0,DANIEL LIM ,daniel.lim@dailygrind.com.sg,
Holland Village,13/06/2025,Lunch, 596.17 ,59.0,79.0,4.0,DANIEL LIM ,daniel.lim@dailygrind.com.sg,
Holland Village,13/06/2025,Morning,S$522.63,83.0,125.0,5.0,DANIEL LIM ,daniel.lim@dailygrind.com.sg,-
Holland Village,13/06/2025,Morning,S$522.63,83.0,125.0,5.0,DANIEL LIM ,daniel.lim@dailygrind.com.sg,-
Raffles Place,14/06/2025,Evening,S$94.41,10.0,14.0,1.0,  Aisha Rahman ,aisha.rahman@dailygrind.sg,
raffles place,14/06/2025,midday,S$278.05,28.0,40.0,2.0,  Aisha Rahman ,aisha.rahman@dailygrind.sg,public holiday
Raffles Place,14/06/2025,morning, 435.22 ,67.0,106.0,4.0,  Aisha Rahman ,aisha.rahman@dailygrind.sg,
Tampines Mall,14/06/2025,Evening,S$548.86,53.0,74.0,3.0,wei ming tan,weiming.tan@dailygrind.sg,
tampines mall,14/06/2025,Midday,874.86,85.0,121.0,5.0,wei ming tan,weiming.tan@dailygrind.sg,
Tampines Mall,14/06/2025,morning,S$538.93,88.0,119.0,5.0,wei ming tan,weiming.tan@dailygrind.sg,-
Marina Bay ,14/06/2025,PM,S$72.07,8.0,11.0,1.0,Priya  Nair,priya.nair@dailygrind.sg,
marina bay,14/06/2025,Midday,206.15,19.0,27.0,2.0,Priya  Nair,priya.nair@dailygrind.sg,
marina bay,14/06/2025,AM,S$255.93,38.0,53.0,3.0,Priya  Nair,priya.nair@dailygrind.sg,
Holland Village,14/06/2025,evening,648.27,73.0,110.0,4.0,DANIEL LIM ,daniel.lim@dailygrind.com.sg,
Holland Village,14/06/2025,midday, 562.34 ,51.0,73.0,3.0,DANIEL LIM ,daniel.lim@dailygrind.com.sg,
Holland Village,14/06/2025,Morning,S$501.85,77.0,115.0,5.0,DANIEL LIM ,daniel.lim@dailygrind.com.sg,N.A.
Raffles Place,14/06/2025,Evening,S$94.41,10.0,14.0,1.0,  Aisha Rahman ,aisha.rahman@dailygrind.sg,
RAFFLES PLACE,15/06/2025,PM,S$67.60,8.0,12.0,1.0,  Aisha Rahman ,aisha.rahman@dailygrind.sg,n/a
raffles place,15/06/2025,Midday,S$261.17,25.0,35.0,2.0,  Aisha Rahman ,aisha.rahman@dailygrind.sg,
RAFFLES PLACE,15/06/2025,AM,S$361.44,57.0,83.0,4.0,  Aisha Rahman ,aisha.rahman@dailygrind.sg,-
Tampines Mall,15/06/2025,Evening, 634.00 ,75.0,107.0,4.0,wei ming tan,weiming.tan@dailygrind.sg,
tampines mall,15/06/2025,midday, 851.64 ,81.0,114.0,5.0,wei ming tan,weiming.tan@dailygrind.sg,
Tampines  Mall,15/06/2025,Morning, 564.53 ,89.0,135.0,5.0,wei ming tan,weiming.tan@dailygrind.sg,
Marina Bay ,15/06/2025,Evening,60.08,7.0,10.0,,Priya  Nair,priya.nair@dailygrind.sg,
marina bay,15/06/2025,Lunch,177.08,18.0,27.0,2.0,Priya  Nair,priya.nair@dailygrind.sg,n/a
Marina Bay ,15/06/2025,morning, 218.23 ,34.0,51.0,3.0,Priya  Nair,priya.nair@dailygrind.sg,
Holland Village,15/06/2025,Evening,S$490.30,53.0,76.0,3.0,DANIEL LIM ,daniel.lim@dailygrind.com.sg,
Holland Village,15/06/2025,Lunch,576.51,54.0,76.0,3.0,DANIEL LIM ,daniel.lim@dailygrind.com.sg,
Holland Village,15/06/2025,AM,464.28,78.0,112.0,5.0,DANIEL LIM ,daniel.lim@dailygrind.com.sg,
RAFFLES PLACE,16/06/2025,PM,265.38,29.0,38.0,2.0,  Aisha Rahman ,aisha.rahman@dailygrind.sg,
Raffles Place,16/06/2025,Lunch, 656.56 ,59.0,87.0,4.0,  Aisha Rahman ,aisha.rahman@dailygrind.sg,
Raffles Place,16/06/2025,AM," 1,064.48 ",157.0,244.0,6.0,  Aisha Rahman ,aisha.rahman@dailygrind.sg,
Tampines  Mall,16/06/2025,PM,391.06,44.0,66.0,3.0,wei ming tan,weiming.tan@dailygrind.sg,n/a
Tampines Mall,16/06/2025,midday,663.37,61.0,84.0,4.0,wei ming tan,weiming.tan@dailygrind.sg,
Tampines  Mall,16/06/2025,morning,379.32,57.0,80.0,4.0,wei ming tan,weiming.tan@dailygrind.sg,
Marina Bay ,16/06/2025,PM, 200.63 ,21.0,30.0,2.0,Priya  Nair,priya.nair@dailygrind.sg,
marina bay,16/06/2025,midday, 532.76 ,50.0,73.0,3.0,Priya  Nair,priya.nair@dailygrind.sg,
Marina Bay ,16/06/2025,morning,S$623.12,-4.0,134.0,5.0,Priya  Nair,priya.nair@dailygrind.sg,
Holland Village,16/06/2025,Evening, 579.18 ,61.0,89.0,4.0,DANIEL LIM ,daniel.lim@dailygrind.com.sg,
Holland V,16/06/2025,Midday,,46.0,67.0,3.0,DANIEL LIM ,daniel.lim@dailygrind.com.sg,
Holland Village,16/06/2025,morning,418.04,55.0,82.0,3.0,DANIEL LIM ,daniel.lim@dailygrind.com.sg,
RAFFLES PLACE,17/06/2025,evening, 325.16 ,38.0,53.0,3.0,  Aisha Rahman ,aisha.rahman@dailygrind.sg,-
raffles place,17/06/2025,Lunch, 936.03 ,86.0,130.0,5.0,  Aisha Rahman ,aisha.rahman@dailygrind.sg,
Raffles Place,17/06/2025,Morning,1297.88,196.0,286.0,6.0,  Aisha Rahman ,aisha.rahman@dailygrind.sg,
tampines mall,17/06/2025,Evening, 464.17 ,51.0,73.0,3.0,wei ming tan,weiming.tan@dailygrind.sg,
tampines mall,17/06/2025,Lunch,S$592.54,55.0,80.0,3.0,wei ming tan,weiming.tan@dailygrind.sg,
Tampines Mall,17/06/2025,Morning, 402.59 ,66.0,101.0,4.0,wei ming tan,weiming.tan@dailygrind.sg,
Marina Bay ,17/06/2025,evening,142.11,16.0,21.0,2.0,Priya  Nair,priya.nair@dailygrind.sg,-
marina bay,17/06/2025,midday, 413.98 ,39.0,57.0,3.0,Priya  Nair,priya.nair@dailygrind.sg,
Marina Bay ,17/06/2025,morning,S$541.52,77.0,114.0,5.0,Priya  Nair,priya.nair@dailygrind.sg,
Holland Village,17/06/2025,PM,585.11,61.0,88.0,4.0,DANIEL LIM ,daniel.lim@dailygrind.com.sg,
Holland V,17/06/2025,Midday,527.90,46.0,67.0,3.0,DANIEL LIM ,daniel.lim@dailygrind.com.sg,n/a
Holland Village,17/06/2025,morning,373.49,59.0,82.0,4.0,DANIEL LIM ,daniel.lim@dailygrind.com.sg,
Raffles Pl.,18/06/2025,Evening,S$222.66,24.0,35.0,2.0,  Aisha Rahman ,aisha.rahman@dailygrind.sg,-
raffles place,18/06/2025,Lunch,685.58,69.0,99.0,4.0,  Aisha Rahman ,aisha.rahman@dailygrind.sg,
RAFFLES PLACE,18/06/2025,morning,900.61,128.0,190.0,6.0,  Aisha Rahman ,aisha.rahman@dailygrind.sg,
Tampines  Mall,18/06/2025,evening,S$376.49,40.0,61.0,3.0,wei ming tan,,
tampines mall,18/06/2025,Midday,S$535.07,51.0,75.0,3.0,wei ming tan,weiming.tan@dailygrind.sg,
Tampines  Mall,18/06/2025,AM,354.62,56.0,80.0,4.0,wei ming tan,weiming.tan@dailygrind.sg,
Marina Bay ,18/06/2025,Evening, 228.98 ,24.0,34.0,2.0,Priya  Nair,priya.nair@dailygrind.sg,
Marina Bay ,18/06/2025,midday,576.20,58.0,87.0,4.0,Priya  Nair,priya.nair@dailygrind.sg,
marina bay,18/06/2025,AM, 772.09 ,120.0,179.0,6.0,Priya  Nair,priya.nair@dailygrind.sg,n/a
Holland V,18/06/2025,evening,446.29,50.0,75.0,3.0,DANIEL LIM ,daniel.lim@dailygrind.com.sg,
Holland Village,18/06/2025,midday,446.58,42.0,61.0,3.0,DANIEL LIM ,daniel.lim@dailygrind.com.sg,
Holland V,18/06/2025,AM,393.14,60.0,90.0,4.0,DANIEL LIM ,daniel.lim@dailygrind.com.sg,
Raffles Pl.,19/06/2025,PM,259.48,27.0,38.0,2.0,  Aisha Rahman ,aisha.rahman@dailygrind.sg,-
RAFFLES PLACE,19/06/2025,Lunch,S$775.79,76.0,105.0,4.0,  Aisha Rahman ,aisha.rahman@dailygrind.sg,-
raffles place,19/06/2025,Morning,"S$1,038.72",156.0,236.0,6.0,  Aisha Rahman ,aisha.rahman@dailygrind.sg,
Tampines Mall,19/06/2025,Evening,336.48,35.0,51.0,3.0,wei ming tan,weiming.tan@dailygrind.sg,
tampines mall,19/06/2025,midday,523.17,47.0,75.0,3.0,wei ming tan,weiming.tan@dailygrind.sg,
Tampines  Mall,19/06/2025,AM,-999,58.0,75.0,4.0,wei ming tan,weiming.tan@dailygrind.sg,
Marina Bay ,19/06/2025,PM,198.88,22.0,32.0,2.0,Priya  Nair,priya.nair@dailygrind.sg,
Marina Bay,19/06/2025,midday,S$610.57,59.0,84.0,4.0,Priya  Nair,priya.nair@dailygrind.sg,
marina bay,19/06/2025,morning,774.96,124.0,179.0,6.0,Priya  Nair,priya.nair@dailygrind.sg,
Holland Village,19/06/2025,evening, 467.39 ,50.0,71.0,3.0,DANIEL LIM ,daniel.lim@dailygrind.com.sg,
Holland Village,19/06/2025,midday,417.46,39.0,54.0,3.0,DANIEL LIM ,daniel.lim@dailygrind.com.sg,
Holland V,19/06/2025,Morning,S$469.38,75.0,101.0,4.0,DANIEL LIM ,daniel.lim@dailygrind.com.sg,
raffles place,20/06/2025,PM,268.35,30.0,45.0,2.0,  Aisha Rahman ,aisha.rahman@dailygrind.sg,
Raffles Place,20/06/2025,Lunch,765.78,73.0,116.0,4.0,  Aisha Rahman ,aisha.rahman@dailygrind.sg,
raffles place,20/06/2025,AM," 1,087.98 ",160.0,226.0,6.0,  Aisha Rahman ,aisha.rahman@dailygrind.sg,
Tampines Mall,20/06/2025,evening,S$530.68,56.0,76.0,4.0,wei ming tan,weiming.tan@dailygrind.sg,
Tampines Mall,20/06/2025,Lunch, 769.71 ,74.0,111.0,4.0,wei ming tan,weiming.tan@dailygrind.sg,
Tampines Mall,20/06/2025,Morning,S$430.15,72.0,107.0,4.0,wei ming tan,weiming.tan@dailygrind.sg,
Marina Bay ,20/06/2025,Evening, 155.08 ,18.0,26.0,2.0,Priya  Nair,priya.nair@dailygrind.sg,
Marina Bay ,20/06/2025,Midday,421.62,40.0,57.0,3.0,Priya  Nair,priya.nair@dailygrind.sg,n/a
Marina Bay,20/06/2025,morning,485.09,67.0,96.0,4.0,Priya  Nair,priya.nair@dailygrind.sg,
Holland V,20/06/2025,PM,S$587.54,69.0,94.0,4.0,DANIEL LIM ,daniel.lim@dailygrind.com.sg,
Holland Village,20/06/2025,Lunch, 532.82 ,49.0,68.0,3.0,DANIEL LIM ,daniel.lim@dailygrind.com.sg,aircon down from 2pm
Holland Village,20/06/2025,AM, 467.99 ,67.0,94.0,4.0,DANIEL LIM ,daniel.lim@dailygrind.com.sg,
RAFFLES PLACE,21/06/2025,evening, 96.02 ,10.0,14.0,1.0,  Aisha Rahman ,aisha.rahman@dailygrind.sg,
Raffles Place,21/06/2025,midday, 255.81 ,24.0,35.0,2.0,  Aisha Rahman ,aisha.rahman@dailygrind.sg,
RAFFLES PLACE,21/06/2025,morning, 416.56 ,66.0,95.0,4.0,  Aisha Rahman ,aisha.rahman@dailygrind.sg,
Tampines Mall,21/06/2025,evening,592.79,67.0,94.0,4.0,wei ming tan,weiming.tan@dailygrind.sg,
tampines mall,21/06/2025,Lunch,S$902.08,88.0,134.0,5.0,wei ming tan,weiming.tan@dailygrind.sg,
Tampines  Mall,21/06/2025,Morning,629.18,0.0,140.0,5.0,wei ming tan,weiming.tan@dailygrind.sg,
Marina Bay,21/06/2025,Evening,105.15,10.0,15.0,1.0,Priya  Nair,priya.nair@dailygrind.sg,
marina bay,21/06/2025,Lunch,262.23,26.0,38.0,2.0,Priya  Nair,priya.nair@dailygrind.sg,
marina bay,21/06/2025,Morning, 335.38 ,51.0,72.0,3.0,Priya  Nair,priya.nair@dailygrind.sg,
Holland V,21/06/2025,evening, 568.38 ,59.0,84.0,4.0,DANIEL LIM ,daniel.lim@dailygrind.com.sg,
Holland Village,21/06/2025,Lunch,600.36,61.0,86.0,,DANIEL LIM ,daniel.lim@dailygrind.com.sg,
Holland V,21/06/2025,morning,S$494.44,75.0,109.0,4.0,DANIEL LIM ,daniel.lim@dailygrind.com.sg,
RAFFLES PLACE,22/06/2025,evening,S$84.67,9.0,13.0,1.0,  Aisha Rahman ,aisha.rahman@dailygrind.sg,n/a
raffles place,22/06/2025,midday,S$219.71,23.0,34.0,2.0,  Aisha Rahman ,aisha.rahman@dailygrind.sg,
raffles place,22/06/2025,Morning,347.43,51.0,76.0,3.0,  Aisha Rahman ,aisha.rahman@dailygrind.sg,
tampines mall,22/06/2025,evening,456.24,48.0,69.0,3.0,wei ming tan,weiming.tan@dailygrind.sg,
tampines mall,22/06/2025,Lunch,S$727.14,67.0,103.0,4.0,wei ming tan,weiming.tan@dailygrind.sg,
Tampines  Mall,22/06/2025,AM,429.69,63.0,90.0,4.0,wei ming tan,weiming.tan@dailygrind.sg,
marina bay,22/06/2025,Evening,S$83.74,9.0,13.0,1.0,Priya  Nair,priya.nair@dailygrind.sg,
Marina Bay,22/06/2025,midday,207.59,19.0,28.0,2.0,Priya  Nair,priya.nair@dailygrind.sg,
Marina Bay,22/06/2025,AM, 238.44 ,,53.0,3.0,Priya  Nair,priya.nair@dailygrind.sg,
Holland Village,22/06/2025,evening,595.04,61.0,86.0,4.0,DANIEL LIM ,daniel.lim@dailygrind.com.sg,
Holland V,22/06/2025,Midday,S$545.08,51.0,79.0,3.0,DANIEL LIM ,daniel.lim@dailygrind.com.sg,
Holland V,22/06/2025,Morning, 439.45 ,63.0,92.0,4.0,DANIEL LIM ,daniel.lim@dailygrind.com.sg,
Raffles Pl.,23/06/2025,PM, 265.95 ,28.0,40.0,2.0,  Aisha Rahman ,aisha.rahman@dailygrind.sg,
RAFFLES PLACE,23/06/2025,Midday, 687.93 ,60.0,79.0,4.0,  Aisha Rahman ,aisha.rahman@dailygrind.sg,
Raffles Pl.,23/06/2025,AM,1077.39,173.0,250.0,6.0,  Aisha Rahman ,aisha.rahman@dailygrind.sg,
tampines mall,23/06/2025,Evening, 371.00 ,40.0,60.0,3.0,wei ming tan,weiming.tan@dailygrind.sg,
Tampines Mall,23/06/2025,Lunch, 536.27 ,50.0,75.0,3.0,wei ming tan,weiming.tan@dailygrind.sg,n/a
tampines mall,23/06/2025,morning,S$372.05,59.0,85.0,4.0,wei ming tan,weiming.tan@dailygrind.sg,
Marina Bay,23/06/2025,evening, 191.81 ,22.0,32.0,2.0,Priya  Nair,priya.nair@dailygrind.sg,-
Marina Bay,23/06/2025,Lunch,S$492.97,50.0,72.0,3.0,Priya  Nair,priya.nair@dailygrind.sg,
marina bay,23/06/2025,morning,S$658.88,104.0,157.0,6.0,Priya  Nair,priya.nair@dailygrind.sg,
Holland Village,23/06/2025,Evening, 568.43 ,60.0,91.0,4.0,DANIEL LIM ,daniel.lim@dailygrind.com.sg,
Holland V,23/06/2025,midday,S$466.62,45.0,69.0,3.0,DANIEL LIM ,daniel.lim@dailygrind.com.sg,
Holland Village,23/06/2025,AM,S$453.22,70.0,101.0,4.0,DANIEL LIM ,daniel.lim@dailygrind.com.sg,
Raffles Place,24/06/2025,Evening,314.34,34.0,47.0,3.0,  Aisha Rahman ,aisha.rahman@dailygrind.sg,
Raffles Pl.,24/06/2025,Lunch, 964.01 ,91.0,135.0,5.0,  Aisha Rahman ,aisha.rahman@dailygrind.sg,
raffles place,24/06/2025,Morning,"S$1,120.11",154.0,232.0,6.0,  Aisha Rahman ,aisha.rahman@dailygrind.sg,
Tampines  Mall,24/06/2025,Evening,S$351.57,36.0,53.0,3.0,wei ming tan,weiming.tan@dailygrind.sg,
Tampines  Mall,24/06/2025,Midday, 501.69 ,50.0,74.0,3.0,wei ming tan,weiming.tan@dailygrind.sg,
Tampines  Mall,24/06/2025,Morning,S$328.28,52.0,76.0,3.0,wei ming tan,weiming.tan@dailygrind.sg,
Marina Bay ,24/06/2025,PM,S$172.52,20.0,30.0,2.0,Priya  Nair,priya.nair@dailygrind.sg,
Marina Bay ,24/06/2025,Lunch,463.04,46.0,66.0,3.0,Priya  Nair,priya.nair@dailygrind.sg,
marina bay,24/06/2025,AM,S$699.16,106.0,159.0,6.0,Priya  Nair,priya.nair@dailygrind.sg,
Holland V,24/06/2025,evening,S$476.54,51.0,72.0,3.0,DANIEL LIM ,daniel.lim@dailygrind.com.sg,
Holland V,24/06/2025,Lunch,S$442.11,43.0,66.0,3.0,DANIEL LIM ,daniel.lim@dailygrind.com.sg,
Holland V,24/06/2025,Morning, 416.64 ,63.0,95.0,4.0,DANIEL LIM ,daniel.lim@dailygrind.com.sg,
Raffles Place,25/06/2025,Evening, 276.03 ,31.0,46.0,2.0,  Aisha Rahman ,aisha.rahman@dailygrind.sg,
Raffles Pl.,25/06/2025,Midday,926.16,92.0,130.0,5.0,  Aisha Rahman ,aisha.rahman@dailygrind.sg,
RAFFLES PLACE,25/06/2025,AM,1232.91,192.0,293.0,6.0,  Aisha Rahman ,aisha.rahman@dailygrind.sg,
Tampines  Mall,25/06/2025,Evening, 432.39 ,48.0,74.0,3.0,wei ming tan,weiming.tan@dailygrind.sg,
Tampines  Mall,25/06/2025,Midday, 602.17 ,56.0,79.0,4.0,wei ming tan,weiming.tan@dailygrind.sg,
Tampines Mall,25/06/2025,Morning, 341.53 ,52.0,77.0,3.0,wei ming tan,weiming.tan@dailygrind.sg,
marina bay,25/06/2025,evening, 164.25 ,18.0,26.0,2.0,Priya  Nair,priya.nair@dailygrind.sg,
marina bay,25/06/2025,midday, 454.13 ,45.0,67.0,3.0,Priya  Nair,priya.nair@dailygrind.sg,
marina bay,25/06/2025,morning,508.69,73.0,101.0,4.0,Priya  Nair,priya.nair@dailygrind.sg,
Holland V,25/06/2025,evening,S$495.36,57.0,84.0,4.0,DANIEL LIM ,daniel.lim@dailygrind.com.sg,
Holland Village,25/06/2025,midday,-999,41.0,58.0,3.0,DANIEL LIM ,daniel.lim@dailygrind.com.sg,
Holland V,25/06/2025,Morning, 401.77 ,60.0,90.0,4.0,DANIEL LIM ,daniel.lim@dailygrind.com.sg,
Raffles Pl.,25/06/2025,Midday,926.16,92.0,130.0,5.0,  Aisha Rahman ,aisha.rahman@dailygrind.sg,
raffles place,26/06/2025,evening,326.35,34.0,50.0,3.0,  Aisha Rahman ,aisha.rahman@dailygrind.sg,
RAFFLES PLACE,26/06/2025,Lunch, 951.36 ,84.0,,5.0,  Aisha Rahman ,aisha.rahman@dailygrind.sg,
raffles place,26/06/2025,Morning,1150.17,183.0,261.0,6.0,  Aisha Rahman ,aisha.rahman@dailygrind.sg,
Tampines  Mall,26/06/2025,evening,S$447.82,52.0,82.0,3.0,wei ming tan,weiming.tan@dailygrind.sg,
Tampines  Mall,26/06/2025,Lunch, 592.82 ,53.0,76.0,3.0,wei ming tan,weiming.tan@dailygrind.sg,
tampines mall,26/06/2025,Morning, 350.17 ,54.0,76.0,3.0,wei ming tan,weiming.tan@dailygrind.sg,
marina bay,26/06/2025,Evening, 236.57 ,24.0,36.0,2.0,Priya  Nair,priya.nair@dailygrind.sg,
marina bay,26/06/2025,Lunch,S$571.71,57.0,80.0,4.0,Priya  Nair,priya.nair@dailygrind.sg,
Marina Bay,26/06/2025,AM, 643.70 ,96.0,136.0,5.0,Priya  Nair,priya.nair@dailygrind.sg,
Holland V,26/06/2025,Evening,521.90,53.0,76.0,3.0,DANIEL LIM ,daniel.lim@dailygrind.com.sg,
Holland Village,26/06/2025,midday,529.96,50.0,68.0,3.0,DANIEL LIM ,daniel.lim@dailygrind.com.sg,
Holland Village,26/06/2025,morning,S$488.10,71.0,99.0,4.0,DANIEL LIM ,daniel.lim@dailygrind.com.sg,
RAFFLES PLACE,27/06/2025,PM, 246.67 ,27.0,37.0,2.0,  Aisha Rahman ,aisha.rahman@dailygrind.sg,
raffles place,27/06/2025,midday, 794.81 ,81.0,123.0,5.0,  Aisha Rahman ,aisha.rahman@dailygrind.sg,
Raffles Place,27/06/2025,morning,1075.70,174.0,246.0,6.0,  Aisha Rahman ,aisha.rahman@dailygrind.sg,n/a
Tampines  Mall,27/06/2025,Evening,S$600.51,63.0,91.0,4.0,wei ming tan,weiming.tan@dailygrind.sg,
Tampines Mall,27/06/2025,midday, 734.56 ,66.0,95.0,4.0,wei ming tan,weiming.tan@dailygrind.sg,
Tampines Mall,27/06/2025,morning,S$407.68,62.0,89.0,4.0,wei ming tan,weiming.tan@dailygrind.sg,
marina bay,27/06/2025,Evening,137.38,14.0,22.0,2.0,Priya  Nair,priya.nair@dailygrind.sg,
Marina Bay ,27/06/2025,Midday,S$452.17,43.0,57.0,3.0,Priya  Nair,priya.nair@dailygrind.sg,n/a
marina bay,27/06/2025,AM, 513.15 ,82.0,126.0,5.0,Priya  Nair,priya.nair@dailygrind.sg,
Holland V,27/06/2025,evening, 673.22 ,73.0,110.0,4.0,DANIEL LIM ,daniel.lim@dailygrind.com.sg,
Holland Village,27/06/2025,Midday, 590.99 ,56.0,84.0,4.0,DANIEL LIM ,daniel.lim@dailygrind.com.sg,-
Holland Village,27/06/2025,morning, 554.30 ,88.0,138.0,5.0,DANIEL LIM ,daniel.lim@dailygrind.com.sg,-
Raffles Place,28/06/2025,PM,93.26,10.0,15.0,1.0,  Aisha Rahman ,aisha.rahman@dailygrind.sg,n/a
Raffles Pl.,28/06/2025,Lunch, 275.96 ,28.0,40.0,2.0,  Aisha Rahman ,aisha.rahman@dailygrind.sg,
RAFFLES PLACE,28/06/2025,Morning,373.71,52.0,74.0,3.0,  Aisha Rahman ,aisha.rahman@dailygrind.sg,
Tampines  Mall,28/06/2025,evening,S$450.30,46.0,59.0,3.0,wei ming tan,weiming.tan@dailygrind.sg,
tampines mall,28/06/2025,Lunch,S$698.60,67.0,96.0,4.0,wei ming tan,weiming.tan@dailygrind.sg,
Tampines  Mall,28/06/2025,AM,427.25,63.0,93.0,4.0,wei ming tan,weiming.tan@dailygrind.sg,
Marina Bay,28/06/2025,evening,S$78.77,9.0,13.0,1.0,Priya  Nair,priya.nair@dailygrind.sg,
Marina Bay,28/06/2025,Midday,224.61,20.0,29.0,2.0,Priya  Nair,priya.nair@dailygrind.sg,
marina bay,28/06/2025,AM,281.75,43.0,64.0,3.0,Priya  Nair,priya.nair@dailygrind.sg,
Holland V,28/06/2025,evening,,66.0,98.0,4.0,DANIEL LIM ,daniel.lim@dailygrind.com.sg,n/a
Holland V,28/06/2025,midday,626.98,58.0,89.0,4.0,DANIEL LIM ,daniel.lim@dailygrind.com.sg,
Holland V,28/06/2025,AM,S$443.37,65.0,96.0,4.0,DANIEL LIM ,daniel.lim@dailygrind.com.sg,
RAFFLES PLACE,29/06/2025,evening, 74.12 ,8.0,12.0,1.0,  Aisha Rahman ,aisha.rahman@dailygrind.sg,-
raffles place,29/06/2025,Midday, 219.52 ,19.0,28.0,2.0,  Aisha Rahman ,aisha.rahman@dailygrind.sg,
Raffles Pl.,29/06/2025,AM, 345.44 ,51.0,77.0,3.0,  Aisha Rahman ,aisha.rahman@dailygrind.sg,
tampines mall,29/06/2025,PM,S$485.64,51.0,74.0,3.0,wei ming tan,weiming.tan@dailygrind.sg,
Tampines  Mall,29/06/2025,Lunch, 679.38 ,64.0,90.0,,wei ming tan,weiming.tan@dailygrind.sg,
Tampines Mall,29/06/2025,morning, 469.82 ,76.0,113.0,4.0,wei ming tan,weiming.tan@dailygrind.sg,
Marina Bay,29/06/2025,Evening,64.20,7.0,10.0,1.0,Priya  Nair,priya.nair@dailygrind.sg,
Marina Bay,29/06/2025,midday,S$154.99,15.0,22.0,2.0,Priya  Nair,priya.nair@dailygrind.sg,
Marina Bay ,29/06/2025,morning, 228.34 ,35.0,52.0,3.0,Priya  Nair,priya.nair@dailygrind.sg,
Holland V,29/06/2025,evening,S$629.83,70.0,101.0,4.0,DANIEL LIM ,daniel.lim@dailygrind.com.sg,-
Holland V,29/06/2025,Lunch,S$588.18,54.0,76.0,3.0,DANIEL LIM ,daniel.lim@dailygrind.com.sg,
Holland Village,29/06/2025,Morning, 511.81 ,76.0,112.0,4.0,DANIEL LIM ,daniel.lim@dailygrind.com.sg,
Raffles Pl.,30/06/2025,evening,285.72,28.0,41.0,2.0,  Aisha Rahman ,aisha.rahman@dailygrind.sg,n/a
Raffles Place,30/06/2025,midday, 927.09 ,90.0,141.0,5.0,  Aisha Rahman ,aisha.rahman@dailygrind.sg,n/a
Raffles Place,30/06/2025,morning,1160.98,180.0,256.0,6.0,  Aisha Rahman ,aisha.rahman@dailygrind.sg,
tampines mall,30/06/2025,Evening,343.38,38.0,53.0,3.0,wei ming tan,weiming.tan@dailygrind.sg,
tampines mall,30/06/2025,Midday,490.74,45.0,68.0,3.0,wei ming tan,weiming.tan@dailygrind.sg,
tampines mall,30/06/2025,Morning,S$312.72,47.0,67.0,3.0,wei ming tan,weiming.tan@dailygrind.sg,
Marina Bay ,30/06/2025,evening,170.03,18.0,26.0,2.0,Priya  Nair,priya.nair@dailygrind.sg,
Marina Bay ,30/06/2025,Midday,S$497.02,49.0,73.0,3.0,Priya  Nair,priya.nair@dailygrind.sg,
marina bay,30/06/2025,Morning,S$548.02,90.0,135.0,5.0,Priya  Nair,priya.nair@dailygrind.sg,
Holland V,30/06/2025,Evening,619.51,66.0,91.0,4.0,DANIEL LIM ,daniel.lim@dailygrind.com.sg,
Holland Village,30/06/2025,midday, 515.76 ,50.0,75.0,3.0,DANIEL LIM ,daniel.lim@dailygrind.com.sg,
Holland V,30/06/2025,Morning, 455.32 ,68.0,103.0,4.0,DANIEL LIM ,daniel.lim@dailygrind.com.sg,
